{
  "properties": {
    "connectionReferences": {
      "shared_approvals": {
        "runtimeSource": "embedded",
        "connection": {
          "connectionReferenceLogicalName": "pagacz_sharedapprovals_afa7b"
        },
        "api": {
          "name": "shared_approvals"
        }
      },
      "shared_commondataserviceforapps": {
        "runtimeSource": "embedded",
        "connection": {
          "connectionReferenceLogicalName": "pagacz_sharedcommondataserviceforapps_97b91"
        },
        "api": {
          "name": "shared_commondataserviceforapps"
        }
      },
      "shared_teams": {
        "runtimeSource": "embedded",
        "connection": {
          "connectionReferenceLogicalName": "pagacz_sharedteams_9417c"
        },
        "api": {
          "name": "shared_teams"
        }
      },
      "shared_keyvault": {
        "runtimeSource": "embedded",
        "connection": {
          "connectionReferenceLogicalName": "pagacz_sharedkeyvault_b6038"
        },
        "api": {
          "name": "shared_keyvault"
        }
      }
    },
    "definition": {
      "$schema": "https://schema.management.azure.com/providers/Microsoft.Logic/schemas/2016-06-01/workflowdefinition.json#",
      "contentVersion": "1.0.0.0",
      "parameters": {
        "$connections": {
          "defaultValue": {},
          "type": "Object"
        },
        "$authentication": {
          "defaultValue": {},
          "type": "SecureObject"
        },
        "Application Owner email (pagacz_ApplicationOwneremail)": {
          "defaultValue": "tom@iammrrobot.onmicrosoft.com",
          "type": "String",
          "metadata": {
            "schemaName": "pagacz_ApplicationOwneremail"
          }
        },
        "Source System receiver HTTP POST URL (pagacz_SourceSystemreceiver)": {
          "defaultValue": "https://prod-190.westeurope.logic.azure.com:443/workflows/6ad4bee414034181995afdc05de05e7d/triggers/manual/paths/invoke?api-version=2016-06-01&sp=%2Ftriggers%2Fmanual%2Frun&sv=1.0&sig=UOkCibSsdsRJKCPYkA2uL1EAmiJN1FArES4VAnQ2U7g",
          "type": "String",
          "metadata": {
            "schemaName": "pagacz_SourceSystemreceiver",
            "description": "When a HTTP request is received"
          }
        }
      },
      "triggers": {
        "manual": {
          "metadata": {
            "operationMetadataId": "a75df1db-e15e-4ce1-8f66-1bb963b9c26c"
          },
          "type": "Request",
          "kind": "Http",
          "inputs": {
            "schema": {
              "type": "object",
              "properties": {
                "SourceSystem/string": {
                  "type": "string"
                },
                "SourceSystemPrimaryID/number": {
                  "type": "integer"
                },
                "SourceSystemSecondaryID/number": {
                  "type": "integer"
                },
                "SourceSystemPrimaryID/string": {
                  "type": "string"
                },
                "SourceSystemSecondaryID/string": {
                  "type": "string"
                },
                "Name/string": {
                  "type": "string"
                },
                "RequestorO365UPN/string": {
                  "type": "string"
                },
                "Title/string": {
                  "type": "string"
                },
                "AllowReassignment/boolean": {
                  "type": "boolean"
                },
                "ApprovalModel/number": {
                  "type": "integer"
                },
                "Category/object": {
                  "type": "object",
                  "properties": {
                    "CategoryType/string": {
                      "type": "string"
                    },
                    "CategoryID/number": {
                      "type": "integer"
                    },
                    "CategoryName/string": {
                      "type": "string"
                    }
                  }
                },
                "CreatedOnISO8601(yyyy-MM-ddTHH:mm:ss.fffffffK)/string": {
                  "type": "string"
                },
                "Details/string": {
                  "type": "string"
                },
                "DueOnISO8601(yyyy-MM-ddTHH:mm:ss.fffffffK)/string": {
                  "type": "string"
                },
                "ItemLink/string": {
                  "type": "string"
                },
                "ItemLinkDescription/string": {
                  "type": "string"
                },
                "Priority/number": {
                  "type": "integer"
                },
                "SendEmailNotification/boolean": {
                  "type": "boolean"
                },
                "Tags/array": {
                  "type": "array",
                  "items": {
                    "type": "string"
                  }
                },
                "NotificationFrequency/number": {
                  "type": "integer"
                },
                "AssignedToO365UPN/array": {
                  "type": "array",
                  "items": {
                    "type": "string"
                  }
                },
                "AssignedToO365UPN/string": {
                  "type": "string"
                },
                "ResponseOptions/array": {
                  "type": "array",
                  "items": {
                    "type": "string"
                  }
                },
                "CommentNeeded/boolean": {
                  "type": "boolean"
                },
                "TeamsNotification/Boolean": {
                  "type": "boolean"
                }
              }
            },
            "method": "POST"
          },
          "conditions": [],
          "description": "Use below HTTP POST URL as Environment Variable Trigger input from sample service HTTP URI",
          "runtimeConfiguration": {
            "concurrency": {
              "runs": 1
            }
          }
        }
      },
      "actions": {
        "Initialize_variable_Adaptive_Card": {
          "runAfter": {
            "Initialize_variable_Error_handler": [
              "Succeeded"
            ]
          },
          "metadata": {
            "operationMetadataId": "8978a3aa-6c11-448d-b6c7-4560cf092909"
          },
          "type": "InitializeVariable",
          "inputs": {
            "variables": [
              {
                "name": "Adaptive Card",
                "type": "string"
              }
            ]
          }
        },
        "Initialize_variable_Assigned_To_string": {
          "runAfter": {
            "Initialize_variable_Adaptive_Card": [
              "Succeeded"
            ]
          },
          "metadata": {
            "operationMetadataId": "a0e8d4c4-7091-4088-b7af-d6ae2f3d66ef"
          },
          "type": "InitializeVariable",
          "inputs": {
            "variables": [
              {
                "name": "Assigned To string",
                "type": "string"
              }
            ]
          }
        },
        "Condition_Assigned_array_is_empty": {
          "actions": {
            "Compose_string_from_array_Assigned_To_string": {
              "runAfter": {},
              "metadata": {
                "operationMetadataId": "7a001ce0-e6d8-457a-a69b-7f256279fc32"
              },
              "type": "Compose",
              "inputs": "@replace(replace(replace(replace(string(triggerBody()?['AssignedToO365UPN/array']),'[',''),']',''),',',';'),'\"','')"
            },
            "Set_variable_Assigned_To_string_if_array": {
              "runAfter": {
                "Compose_string_from_array_Assigned_To_string": [
                  "Succeeded"
                ]
              },
              "metadata": {
                "operationMetadataId": "53eb241a-c2ac-4dfb-a5c3-0b8c69440f76"
              },
              "type": "SetVariable",
              "inputs": {
                "name": "Assigned To string",
                "value": "@{outputs('Compose_string_from_array_Assigned_To_string')}"
              }
            },
            "Compose_to_check_how_many_emails_is_within_string_if_array": {
              "runAfter": {
                "Set_variable_Assigned_To_string_if_array": [
                  "Succeeded"
                ]
              },
              "metadata": {
                "operationMetadataId": "f22af1ac-e3e1-401d-8757-2027261a8dfe"
              },
              "type": "Compose",
              "inputs": "@div(length(split(variables('Assigned To string'), '@')), 2)"
            },
            "Condition_if_more_emails_within_string_if_array": {
              "actions": {
                "Apply_to_each_Assigned_To_array_if_more_than_1_email": {
                  "foreach": "@triggerBody()?['AssignedToO365UPN/array']",
                  "actions": {
                    "Append_to_array_variable_Assigned_To_array_if_more_than_1_email": {
                      "runAfter": {},
                      "metadata": {
                        "operationMetadataId": "6f3b63d5-4838-424c-8e30-aecd8d2f2c10"
                      },
                      "type": "AppendToArrayVariable",
                      "inputs": {
                        "name": "Assigned To array",
                        "value": "@items('Apply_to_each_Assigned_To_array_if_more_than_1_email')"
                      }
                    }
                  },
                  "runAfter": {},
                  "metadata": {
                    "operationMetadataId": "54fd4f22-ebf3-42ba-b904-8d5f9010a595"
                  },
                  "type": "Foreach"
                }
              },
              "runAfter": {
                "Compose_to_check_how_many_emails_is_within_string_if_array": [
                  "Succeeded"
                ]
              },
              "else": {
                "actions": {
                  "Append_to_array_variable_Assigned_To_array_if_1_email": {
                    "runAfter": {},
                    "metadata": {
                      "operationMetadataId": "bd453d07-debf-4186-8afe-37395cd44ae7"
                    },
                    "type": "AppendToArrayVariable",
                    "inputs": {
                      "name": "Assigned To array",
                      "value": "@variables('Assigned To string')"
                    }
                  }
                }
              },
              "expression": {
                "greater": [
                  "@outputs('Compose_to_check_how_many_emails_is_within_string_if_array')",
                  "@int(1)"
                ]
              },
              "metadata": {
                "operationMetadataId": "9a7ef0b2-c11f-4af8-9843-0f9de80d29ec"
              },
              "type": "If"
            }
          },
          "runAfter": {
            "Get_secret": [
              "Succeeded"
            ]
          },
          "else": {
            "actions": {
              "Set_variable_Assigned_To_string_if_string": {
                "runAfter": {},
                "metadata": {
                  "operationMetadataId": "e2c6164a-b2c7-41ad-af76-cbd4da840845"
                },
                "type": "SetVariable",
                "inputs": {
                  "name": "Assigned To string",
                  "value": "@triggerBody()?['AssignedToO365UPN/string']"
                }
              },
              "Compose_to_check_how_many_emails_is_within_string_if_string": {
                "runAfter": {
                  "Set_variable_Assigned_To_string_if_string": [
                    "Succeeded"
                  ]
                },
                "metadata": {
                  "operationMetadataId": "27a1c58c-7bb8-4600-9880-4fbd10857df1"
                },
                "type": "Compose",
                "inputs": "@div(length(split(variables('Assigned To string'), '@')), 2)"
              },
              "Condition_if_more_emails_within_string_if_string": {
                "actions": {
                  "Compose_to_split_string_to_later_put_into_array": {
                    "runAfter": {},
                    "metadata": {
                      "operationMetadataId": "d155abb7-bfe0-4f69-9cb9-33b6b7ffc27b"
                    },
                    "type": "Compose",
                    "inputs": "@split(variables('Assigned To string'),';')"
                  },
                  "Apply_to_each_Assigned_To_array_if_more_than_1_email_2": {
                    "foreach": "@outputs('Compose_to_split_string_to_later_put_into_array')",
                    "actions": {
                      "Append_to_array_variable_Assigned_To_array_if_more_than_1_email_2": {
                        "runAfter": {},
                        "metadata": {
                          "operationMetadataId": "35284343-d8be-46d7-a8c2-2469854e379d"
                        },
                        "type": "AppendToArrayVariable",
                        "inputs": {
                          "name": "Assigned To array",
                          "value": "@items('Apply_to_each_Assigned_To_array_if_more_than_1_email_2')"
                        }
                      }
                    },
                    "runAfter": {
                      "Compose_to_split_string_to_later_put_into_array": [
                        "Succeeded"
                      ]
                    },
                    "metadata": {
                      "operationMetadataId": "6ebb0a9d-7af9-4637-af50-eaba9e46d7f2"
                    },
                    "type": "Foreach"
                  }
                },
                "runAfter": {
                  "Compose_to_check_how_many_emails_is_within_string_if_string": [
                    "Succeeded"
                  ]
                },
                "else": {
                  "actions": {
                    "Append_to_array_variable_Assigned_To_array_if_1_email_2": {
                      "runAfter": {},
                      "metadata": {
                        "operationMetadataId": "b5f1b5f5-50d6-4be7-9b2e-a139efdafbf6"
                      },
                      "type": "AppendToArrayVariable",
                      "inputs": {
                        "name": "Assigned To array",
                        "value": "@variables('Assigned To string')"
                      }
                    }
                  }
                },
                "expression": {
                  "greater": [
                    "@outputs('Compose_to_check_how_many_emails_is_within_string_if_string')",
                    "@int(1)"
                  ]
                },
                "metadata": {
                  "operationMetadataId": "f5584053-2c67-4f6a-99ef-4f4f39825797"
                },
                "type": "If"
              }
            }
          },
          "expression": {
            "not": {
              "equals": [
                "@triggerBody()?['AssignedToO365UPN/array']",
                "@null"
              ]
            }
          },
          "metadata": {
            "operationMetadataId": "74e0986d-890f-4848-b31d-17489d08f541"
          },
          "type": "If"
        },
        "Initialize_variable_Assigned_To_array": {
          "runAfter": {
            "Initialize_variable_Assigned_To_string": [
              "Succeeded"
            ]
          },
          "metadata": {
            "operationMetadataId": "54dc93e0-3927-4787-bde2-b8f50e315678"
          },
          "type": "InitializeVariable",
          "inputs": {
            "variables": [
              {
                "name": "Assigned To array",
                "type": "array"
              }
            ]
          }
        },
        "Initialize_variable_Tags": {
          "runAfter": {
            "Initialize_variable_Assigned_To_array": [
              "Succeeded"
            ]
          },
          "metadata": {
            "operationMetadataId": "f2eb309d-8cb3-405f-b28c-ca5950ab9a86"
          },
          "type": "InitializeVariable",
          "inputs": {
            "variables": [
              {
                "name": "Tags",
                "type": "string"
              }
            ]
          }
        },
        "Initialize_variable_Approval_ID": {
          "runAfter": {
            "Initialize_variable_Tags": [
              "Succeeded"
            ]
          },
          "metadata": {
            "operationMetadataId": "dd345cf9-f92f-437d-843a-839d7649e031"
          },
          "type": "InitializeVariable",
          "inputs": {
            "variables": [
              {
                "name": "Approval ID",
                "type": "string"
              }
            ]
          }
        },
        "Condition_to_handle_Tags": {
          "actions": {
            "Compose_string_Tags": {
              "runAfter": {},
              "metadata": {
                "operationMetadataId": "24195cff-0653-4416-9b97-e31e30c51b72"
              },
              "type": "Compose",
              "inputs": "@replace(replace(replace(replace(string(triggerBody()?['Tags/array']),'[',''),']',''),',',';'),'\"','') "
            },
            "Set_variable_Tags": {
              "runAfter": {
                "Compose_string_Tags": [
                  "Succeeded"
                ]
              },
              "metadata": {
                "operationMetadataId": "2f0c0e10-0797-4c0a-b321-5b865e134e24"
              },
              "type": "SetVariable",
              "inputs": {
                "name": "Tags",
                "value": "@{outputs('Compose_string_Tags')}"
              }
            }
          },
          "runAfter": {
            "Condition_Assigned_array_is_empty": [
              "Succeeded"
            ]
          },
          "expression": {
            "not": {
              "equals": [
                "@triggerBody()?['Tags/array']",
                "@null"
              ]
            }
          },
          "metadata": {
            "operationMetadataId": "536760a5-5346-47c4-bd4b-6f50f79890bb"
          },
          "type": "If"
        },
        "Switch_on_Teams_Approval_Model": {
          "runAfter": {
            "Condition_to_handle_Tags": [
              "Succeeded"
            ]
          },
          "cases": {
            "Case": {
              "case": 1,
              "actions": {
                "Create_an_approval": {
                  "runAfter": {},
                  "type": "OpenApiConnection",
                  "inputs": {
                    "host": {
                      "connectionName": "shared_approvals",
                      "operationId": "CreateAnApproval",
                      "apiId": "/providers/Microsoft.PowerApps/apis/shared_approvals"
                    },
                    "parameters": {
                      "approvalType": "BasicAwaitAll",
                      "ApprovalCreationInput/title": "@triggerBody()?['Title/string']",
                      "ApprovalCreationInput/assignedTo": "@{variables('Assigned To string')};",
                      "ApprovalCreationInput/details": "@triggerBody()?['Details/string']",
                      "ApprovalCreationInput/requestor": "@{triggerBody()?['RequestorO365UPN/string']};",
                      "ApprovalCreationInput/enableNotifications": "@triggerBody()?['TeamsNotification/Boolean']",
                      "ApprovalCreationInput/enableReassignment": "@triggerBody()?['AllowReassignment/boolean']"
                    },
                    "authentication": "@parameters('$authentication')"
                  }
                },
                "Set_variable_Approval_ID": {
                  "runAfter": {
                    "Create_an_approval": [
                      "Succeeded"
                    ]
                  },
                  "type": "SetVariable",
                  "inputs": {
                    "name": "Approval ID",
                    "value": "@outputs('Create_an_approval')?['body/name']"
                  }
                },
                "Set_variable_Adaptive_Card": {
                  "runAfter": {
                    "Set_variable_Approval_ID": [
                      "Succeeded"
                    ]
                  },
                  "type": "SetVariable",
                  "inputs": {
                    "name": "Adaptive Card",
                    "value": "@outputs('Create_an_approval')?['body/adaptiveCard']"
                  }
                }
              }
            },
            "Case_2": {
              "case": 2,
              "actions": {
                "Create_an_approval_2": {
                  "runAfter": {},
                  "type": "OpenApiConnection",
                  "inputs": {
                    "host": {
                      "connectionName": "shared_approvals",
                      "operationId": "CreateAnApproval",
                      "apiId": "/providers/Microsoft.PowerApps/apis/shared_approvals"
                    },
                    "parameters": {
                      "approvalType": "Basic",
                      "ApprovalCreationInput/title": "@triggerBody()?['Title/string']",
                      "ApprovalCreationInput/assignedTo": "@{variables('Assigned To string')};",
                      "ApprovalCreationInput/details": "@triggerBody()?['Details/string']",
                      "ApprovalCreationInput/requestor": "@{triggerBody()?['RequestorO365UPN/string']};",
                      "ApprovalCreationInput/enableNotifications": "@triggerBody()?['TeamsNotification/Boolean']",
                      "ApprovalCreationInput/enableReassignment": "@triggerBody()?['AllowReassignment/boolean']"
                    },
                    "authentication": "@parameters('$authentication')"
                  }
                },
                "Set_variable_Approval_ID_2": {
                  "runAfter": {
                    "Create_an_approval_2": [
                      "Succeeded"
                    ]
                  },
                  "type": "SetVariable",
                  "inputs": {
                    "name": "Approval ID",
                    "value": "@outputs('Create_an_approval_2')?['body/name']"
                  }
                },
                "Set_variable_Adaptive_Card_2": {
                  "runAfter": {
                    "Set_variable_Approval_ID_2": [
                      "Succeeded"
                    ]
                  },
                  "type": "SetVariable",
                  "inputs": {
                    "name": "Adaptive Card",
                    "value": "@outputs('Create_an_approval_2')?['body/adaptiveCard']"
                  }
                }
              }
            },
            "Case_3": {
              "case": 3,
              "actions": {
                "Create_an_approval_3": {
                  "runAfter": {},
                  "type": "OpenApiConnection",
                  "inputs": {
                    "host": {
                      "connectionName": "shared_approvals",
                      "operationId": "CreateAnApproval",
                      "apiId": "/providers/Microsoft.PowerApps/apis/shared_approvals"
                    },
                    "parameters": {
                      "approvalType": "CustomResponseAwaitAll",
                      "ApprovalCreationInput/responseOptions": "@triggerBody()?['ResponseOptions/array']",
                      "ApprovalCreationInput/title": "@triggerBody()?['Title/string']",
                      "ApprovalCreationInput/assignedTo": "@{variables('Assigned To string')};",
                      "ApprovalCreationInput/details": "@triggerBody()?['Details/string']",
                      "ApprovalCreationInput/requestor": "@{triggerBody()?['RequestorO365UPN/string']};",
                      "ApprovalCreationInput/enableNotifications": "@triggerBody()?['TeamsNotification/Boolean']",
                      "ApprovalCreationInput/enableReassignment": "@triggerBody()?['AllowReassignment/boolean']"
                    },
                    "authentication": "@parameters('$authentication')"
                  }
                },
                "Set_variable_Approval_ID_3": {
                  "runAfter": {
                    "Create_an_approval_3": [
                      "Succeeded"
                    ]
                  },
                  "type": "SetVariable",
                  "inputs": {
                    "name": "Approval ID",
                    "value": "@outputs('Create_an_approval_3')?['body/name']"
                  }
                },
                "Set_variable_Adaptive_Card_3": {
                  "runAfter": {
                    "Set_variable_Approval_ID_3": [
                      "Succeeded"
                    ]
                  },
                  "type": "SetVariable",
                  "inputs": {
                    "name": "Adaptive Card",
                    "value": "@outputs('Create_an_approval_3')?['body/adaptiveCard']"
                  }
                }
              }
            },
            "Case_4": {
              "case": 4,
              "actions": {
                "Create_an_approval_4": {
                  "runAfter": {},
                  "type": "OpenApiConnection",
                  "inputs": {
                    "host": {
                      "connectionName": "shared_approvals",
                      "operationId": "CreateAnApproval",
                      "apiId": "/providers/Microsoft.PowerApps/apis/shared_approvals"
                    },
                    "parameters": {
                      "approvalType": "CustomResponse",
                      "ApprovalCreationInput/responseOptions": "@triggerBody()?['ResponseOptions/array']",
                      "ApprovalCreationInput/title": "@triggerBody()?['Title/string']",
                      "ApprovalCreationInput/assignedTo": "@{variables('Assigned To string')};",
                      "ApprovalCreationInput/details": "@triggerBody()?['Details/string']",
                      "ApprovalCreationInput/requestor": "@{triggerBody()?['RequestorO365UPN/string']};",
                      "ApprovalCreationInput/enableNotifications": "@triggerBody()?['TeamsNotification/Boolean']",
                      "ApprovalCreationInput/enableReassignment": "@triggerBody()?['AllowReassignment/boolean']"
                    },
                    "authentication": "@parameters('$authentication')"
                  }
                },
                "Set_variable_Approval_ID_4": {
                  "runAfter": {
                    "Create_an_approval_4": [
                      "Succeeded"
                    ]
                  },
                  "type": "SetVariable",
                  "inputs": {
                    "name": "Approval ID",
                    "value": "@outputs('Create_an_approval_4')?['body/name']"
                  }
                },
                "Set_variable_Adaptive_Card_4": {
                  "runAfter": {
                    "Set_variable_Approval_ID_4": [
                      "Succeeded"
                    ]
                  },
                  "type": "SetVariable",
                  "inputs": {
                    "name": "Adaptive Card",
                    "value": "@outputs('Create_an_approval_4')?['body/adaptiveCard']"
                  }
                }
              }
            }
          },
          "default": {
            "actions": {
              "Create_an_approval_5": {
                "runAfter": {},
                "type": "OpenApiConnection",
                "inputs": {
                  "host": {
                    "connectionName": "shared_approvals",
                    "operationId": "CreateAnApproval",
                    "apiId": "/providers/Microsoft.PowerApps/apis/shared_approvals"
                  },
                  "parameters": {
                    "approvalType": "Basic",
                    "ApprovalCreationInput/title": "@triggerBody()?['Title/string']",
                    "ApprovalCreationInput/assignedTo": "@{variables('Assigned To string')};",
                    "ApprovalCreationInput/details": "@triggerBody()?['Details/string']",
                    "ApprovalCreationInput/requestor": "@{triggerBody()?['RequestorO365UPN/string']};",
                    "ApprovalCreationInput/enableNotifications": "@triggerBody()?['TeamsNotification/Boolean']",
                    "ApprovalCreationInput/enableReassignment": "@triggerBody()?['AllowReassignment/boolean']"
                  },
                  "authentication": "@parameters('$authentication')"
                }
              },
              "Set_variable_Approval_ID_5": {
                "runAfter": {
                  "Create_an_approval_5": [
                    "Succeeded"
                  ]
                },
                "type": "SetVariable",
                "inputs": {
                  "name": "Approval ID",
                  "value": "@outputs('Create_an_approval_5')?['body/name']"
                }
              },
              "Set_variable_Adaptive_Card_5": {
                "runAfter": {
                  "Set_variable_Approval_ID_5": [
                    "Succeeded"
                  ]
                },
                "type": "SetVariable",
                "inputs": {
                  "name": "Adaptive Card",
                  "value": "@outputs('Create_an_approval_5')?['body/adaptiveCard']"
                }
              }
            }
          },
          "expression": "@triggerBody()?['ApprovalModel/number']",
          "metadata": {
            "operationMetadataId": "08035b7b-6722-4030-83e3-cae1be145eca"
          },
          "type": "Switch"
        },
        "Update_a_row_Approvals": {
          "runAfter": {
            "Switch_on_Teams_Approval_Model": [
              "Succeeded"
            ]
          },
          "metadata": {
            "operationMetadataId": "62ccb92a-1958-4102-8df9-0f5b2d1edab0"
          },
          "type": "OpenApiConnection",
          "inputs": {
            "host": {
              "connectionName": "shared_commondataserviceforapps",
              "operationId": "UpdateRecord",
              "apiId": "/providers/Microsoft.PowerApps/apis/shared_commondataserviceforapps"
            },
            "parameters": {
              "entityName": "msdyn_flow_approvals",
              "recordId": "@variables('Approval ID')",
              "item/msdyn_flow_approval_name": "@triggerBody()?['Name/string']",
              "item/msdyn_flow_approval_allowcancel": false,
              "item/msdyn_flow_approval_category": "@triggerBody()?['Category/object']",
              "item/msdyn_flow_approval_dueon": "@triggerBody()?['DueOnISO8601(yyyy-MM-ddTHH:mm:ss.fffffffK)/string']",
              "item/msdyn_flow_approval_sendemail": "@triggerBody()?['SendEmailNotification/boolean']",
              "item/msdyn_flow_approval_source": "@triggerBody()?['SourceSystem/string']",
              "item/msdyn_flow_approval_tags": "@variables('Tags')"
            },
            "authentication": "@parameters('$authentication')"
          }
        },
        "Compose_Adaptive_Card_string": {
          "runAfter": {
            "Update_a_row_Approvals": [
              "Succeeded"
            ]
          },
          "metadata": {
            "operationMetadataId": "4593abbf-7685-4ea1-beb9-43dcd1a0f285"
          },
          "type": "Compose",
          "inputs": "@string(variables('Adaptive Card'))"
        },
        "Initialize_variable_Error_handler": {
          "runAfter": {},
          "metadata": {
            "operationMetadataId": "24bb6b7a-b14f-4540-ab4e-50c186833737"
          },
          "type": "InitializeVariable",
          "inputs": {
            "variables": [
              {
                "name": "Error handler",
                "type": "boolean"
              }
            ]
          }
        },
        "Set_variable_Adaptive_Card_string": {
          "runAfter": {
            "Compose_Adaptive_Card_string": [
              "Succeeded"
            ]
          },
          "metadata": {
            "operationMetadataId": "e2f8527f-8521-4625-b155-ab504ea91d0f"
          },
          "type": "SetVariable",
          "inputs": {
            "name": "Adaptive Card",
            "value": "@{outputs('Compose_Adaptive_Card_string')}"
          }
        },
        "Compose_where_to_Slice": {
          "runAfter": {
            "Set_variable_Adaptive_Card_string": [
              "Succeeded"
            ]
          },
          "metadata": {
            "operationMetadataId": "4022466c-671e-4442-8e0a-00da569db912"
          },
          "type": "Compose",
          "inputs": "@indexOf(variables('Adaptive Card'),',{\"type\":\"FactSet\",\"facts\":[')"
        },
        "Compose_slicer_length": {
          "runAfter": {
            "Compose_where_to_Slice": [
              "Succeeded"
            ]
          },
          "metadata": {
            "operationMetadataId": "f92c3789-c8c6-4001-9b16-4aadc9cb8667"
          },
          "type": "Compose",
          "inputs": "@length(',{\"type\":\"FactSet\",\"facts\":[{\"title\":\"Date Created\",\"value\":\"{{DATE(0000-00-00T00:00:00Z, LONG)}} {{TIME(0000-00-00T00:00:00Z)}}\"}')"
        },
        "Compose_add_where_to_slice_and_slicer_length": {
          "runAfter": {
            "Compose_slicer_length": [
              "Succeeded"
            ]
          },
          "metadata": {
            "operationMetadataId": "4f7aabe5-ab50-4a26-beb4-fa9ffa762789"
          },
          "type": "Compose",
          "inputs": "@add(outputs('Compose_where_to_Slice'),outputs('Compose_slicer_length'))"
        },
        "Compose_Adaptive_Card_length": {
          "runAfter": {
            "Compose_add_where_to_slice_and_slicer_length": [
              "Succeeded"
            ]
          },
          "metadata": {
            "operationMetadataId": "05793ab0-c9bc-4bb4-9ea4-bad0a48912bd"
          },
          "type": "Compose",
          "inputs": "@length(variables('Adaptive Card'))"
        },
        "Compose_1st_part_of_Adaptive_Card": {
          "runAfter": {
            "Compose_Adaptive_Card_length": [
              "Succeeded"
            ]
          },
          "metadata": {
            "operationMetadataId": "9a50b211-9802-4cea-9b4f-dc055ade61aa"
          },
          "type": "Compose",
          "inputs": "@slice(variables('Adaptive Card'),0,outputs('Compose_add_where_to_slice_and_slicer_length'))"
        },
        "Compose_2nd_part_of_Adaptive_Card": {
          "runAfter": {
            "Compose_1st_part_of_Adaptive_Card": [
              "Succeeded"
            ]
          },
          "metadata": {
            "operationMetadataId": "eeeca403-8a13-4e59-98ab-6c6f48b513ce"
          },
          "type": "Compose",
          "inputs": "@slice(variables('Adaptive Card'),outputs('Compose_add_where_to_slice_and_slicer_length'),outputs('Compose_Adaptive_Card_length'))"
        },
        "Compose_new_part_of_Adaptive_Card": {
          "runAfter": {
            "Compose_2nd_part_of_Adaptive_Card": [
              "Succeeded"
            ]
          },
          "metadata": {
            "operationMetadataId": "6f263356-8fea-40f0-be04-5f9a4854ca1d"
          },
          "type": "Compose",
          "inputs": ", \n                { \n                    \"title\": \"Due Date\", \n                    \"value\":  \"{{DATE(@{outputs('Update_a_row_Approvals')?['body/msdyn_flow_approval_dueon']}, LONG)}} {{TIME(@{outputs('Update_a_row_Approvals')?['body/msdyn_flow_approval_dueon']})}}\" \n                }, \n                { \n                    \"title\": \"Source System\", \n                    \"value\": \"@{outputs('Update_a_row_Approvals')?['body/msdyn_flow_approval_source']}\" \n                }, \n                { \n                    \"title\": \"Priority\", \n                    \"value\": \"@{outputs('Update_a_row_Approvals')?['body/msdyn_flow_approval_priority']}\" \n                }, \n                { \n                    \"title\": \"Name\", \n                    \"value\": \"@{outputs('Update_a_row_Approvals')?['body/msdyn_flow_approval_name']}\" \n                }, \n                { \n                    \"title\": \"Tags\", \n                    \"value\": \"@{outputs('Update_a_row_Approvals')?['body/msdyn_flow_approval_tags']}\" \n                } "
        },
        "Compose_prefix": {
          "runAfter": {
            "Compose_new_part_of_Adaptive_Card": [
              "Succeeded"
            ]
          },
          "metadata": {
            "operationMetadataId": "e21fc33d-db87-4ba4-a4e3-6bc90da5f3b8"
          },
          "type": "Compose",
          "inputs": "{ \n    \"type\": \"AdaptiveCard\", \n    \"version\": \"1.3\", \n    \"body\": "
        },
        "Compose_sufix": {
          "runAfter": {
            "Compose_prefix": [
              "Succeeded"
            ]
          },
          "metadata": {
            "operationMetadataId": "b91f5bda-f977-4eb8-b3b4-0c8451616c93"
          },
          "type": "Compose",
          "inputs": ", \n    \"$schema\": \"http://adaptivecards.io/schemas/adaptive-card.json\" \n} "
        },
        "Compose_to_Concatenate_new_Adaptive_Card": {
          "runAfter": {
            "Compose_sufix": [
              "Succeeded"
            ]
          },
          "metadata": {
            "operationMetadataId": "7719838e-dd19-45da-91e0-a12f568f95e1"
          },
          "type": "Compose",
          "inputs": "@concat(outputs('Compose_1st_part_of_Adaptive_Card'),outputs('Compose_new_part_of_Adaptive_Card'),outputs('Compose_2nd_part_of_Adaptive_Card'))"
        },
        "Set_variable_Adaptive_Card_string_2": {
          "runAfter": {
            "Compose_to_Concatenate_new_Adaptive_Card": [
              "Succeeded"
            ]
          },
          "metadata": {
            "operationMetadataId": "4b2de595-60e7-46c5-9cc7-29c53939c874"
          },
          "type": "SetVariable",
          "inputs": {
            "name": "Adaptive Card",
            "value": "@{outputs('Compose_to_Concatenate_new_Adaptive_Card')}"
          }
        },
        "Apply_to_each_to_send_Adaptive_Cards": {
          "foreach": "@variables('Assigned To array')",
          "actions": {
            "Post_adaptive_card_in_a_chat_or_channel": {
              "runAfter": {},
              "metadata": {
                "operationMetadataId": "4727ab4b-802a-49aa-89d0-4d4a0561eac6"
              },
              "type": "OpenApiConnection",
              "inputs": {
                "host": {
                  "connectionName": "shared_teams",
                  "operationId": "PostCardToConversation",
                  "apiId": "/providers/Microsoft.PowerApps/apis/shared_teams"
                },
                "parameters": {
                  "poster": "Flow bot",
                  "location": "Chat with Flow bot",
                  "body/recipient": "@{items('Apply_to_each_to_send_Adaptive_Cards')};",
                  "body/messageBody": "@variables('Adaptive Card')"
                },
                "authentication": "@parameters('$authentication')"
              }
            }
          },
          "runAfter": {
            "Set_variable_Adaptive_Card_string_2": [
              "Succeeded"
            ]
          },
          "metadata": {
            "operationMetadataId": "179c1764-395a-4302-a721-28318629c10d"
          },
          "type": "Foreach"
        },
        "Wait_for_an_approval": {
          "runAfter": {
            "Apply_to_each_to_send_Adaptive_Cards": [
              "Succeeded"
            ]
          },
          "metadata": {
            "operationMetadataId": "f3a21d76-abf8-4b61-b3da-b46f63c69194"
          },
          "type": "OpenApiConnectionWebhook",
          "inputs": {
            "host": {
              "connectionName": "shared_approvals",
              "operationId": "WaitForAnApproval",
              "apiId": "/providers/Microsoft.PowerApps/apis/shared_approvals"
            },
            "parameters": {
              "approvalName": "@variables('Approval ID')"
            },
            "authentication": "@parameters('$authentication')"
          }
        },
        "Switch_on_SourceSystem_to_POST_Approval_Output": {
          "runAfter": {
            "Wait_for_an_approval": [
              "Succeeded"
            ]
          },
          "cases": {
            "Case": {
              "case": "SourceSystem1",
              "actions": {
                "HTTP": {
                  "runAfter": {},
                  "type": "Http",
                  "inputs": {
                    "method": "POST",
                    "uri": "@parameters('Source System receiver HTTP POST URL (pagacz_SourceSystemreceiver)')",
                    "headers": {
                      "secret": "@outputs('Get_secret')?['body/value']"
                    },
                    "body": "@body('Wait_for_an_approval')"
                  }
                }
              }
            }
          },
          "default": {
            "actions": {
              "Post_message_in_a_chat_or_channel_2": {
                "runAfter": {},
                "type": "OpenApiConnection",
                "inputs": {
                  "host": {
                    "connectionName": "shared_teams",
                    "operationId": "PostMessageToConversation",
                    "apiId": "/providers/Microsoft.PowerApps/apis/shared_teams"
                  },
                  "parameters": {
                    "poster": "Flow bot",
                    "location": "Chat with Flow bot",
                    "body/recipient": "@{parameters('Application Owner email (pagacz_ApplicationOwneremail)')};",
                    "body/messageBody": "<p>Approval Router Flow Source System: @{triggerBody()?['SourceSystem/string']} is missing.<br>\n<br>\nhttps://make.powerautomate.com/environments/@{workflow()['tags']['environmentName']}/flows/@{workflow()['name']}/runs/@{workflow()['run']['name']} \n</p>"
                  },
                  "authentication": "@parameters('$authentication')"
                }
              },
              "Set_variable_Error_handler_2": {
                "runAfter": {
                  "Post_message_in_a_chat_or_channel_2": [
                    "Succeeded"
                  ]
                },
                "type": "SetVariable",
                "inputs": {
                  "name": "Error handler",
                  "value": "@true"
                }
              }
            }
          },
          "expression": "@triggerBody()?['SourceSystem/string']",
          "metadata": {
            "operationMetadataId": "a5ce9ffc-8f89-42c7-a71c-4218a9779374"
          },
          "type": "Switch"
        },
        "Set_variable_Error_handler": {
          "runAfter": {
            "Switch_on_SourceSystem_to_POST_Approval_Output": [
              "Failed",
              "Skipped",
              "TimedOut"
            ]
          },
          "metadata": {
            "operationMetadataId": "d87aaa14-1754-44a3-84a8-d92bc325544f"
          },
          "type": "SetVariable",
          "inputs": {
            "name": "Error handler",
            "value": "@true"
          }
        },
        "Get_secret": {
          "runAfter": {
            "Initialize_variable_Approval_ID": [
              "Succeeded"
            ]
          },
          "metadata": {
            "operationMetadataId": "7c8982d4-132a-4fb9-9859-adc4982ee6af"
          },
          "type": "OpenApiConnection",
          "inputs": {
            "host": {
              "connectionName": "shared_keyvault",
              "operationId": "GetSecret",
              "apiId": "/providers/Microsoft.PowerApps/apis/shared_keyvault"
            },
            "parameters": {
              "secretName": "AuthenticateFlow1"
            },
            "authentication": "@parameters('$authentication')"
          },
          "runtimeConfiguration": {
            "secureData": {
              "properties": [
                "inputs",
                "outputs"
              ]
            }
          }
        },
        "Condition_if_Error_handler_eq_true": {
          "actions": {
            "Apply_to_each": {
              "foreach": "@variables('Assigned To array')",
              "actions": {
                "Post_message_in_a_chat_or_channel": {
                  "runAfter": {},
                  "metadata": {
                    "operationMetadataId": "e1d9510b-221b-40b8-8178-e6aff373ecf9"
                  },
                  "type": "OpenApiConnection",
                  "inputs": {
                    "host": {
                      "connectionName": "shared_teams",
                      "operationId": "PostMessageToConversation",
                      "apiId": "/providers/Microsoft.PowerApps/apis/shared_teams"
                    },
                    "parameters": {
                      "poster": "Flow bot",
                      "location": "Chat with Flow bot",
                      "body/recipient": "@{items('Apply_to_each')};",
                      "body/messageBody": "<p>Approvals Router Flow has failed for Approval @{triggerBody()?['Title/string']} so please visit source system @{triggerBody()?['SourceSystem/string']} to complete Approval.<br>\nSorry for inconvenience.</p>",
                      "body/isAlert": true
                    },
                    "authentication": "@parameters('$authentication')"
                  }
                }
              },
              "runAfter": {},
              "metadata": {
                "operationMetadataId": "0a909018-8fb8-4071-b4c0-b79e8cb452d9"
              },
              "type": "Foreach"
            }
          },
          "runAfter": {
            "Set_variable_Error_handler": [
              "Succeeded",
              "Failed",
              "Skipped",
              "TimedOut"
            ]
          },
          "expression": {
            "equals": [
              "@variables('Error handler')",
              "@true"
            ]
          },
          "metadata": {
            "operationMetadataId": "c35a9488-7111-4a8f-bad1-38747f0ae70e"
          },
          "type": "If"
        }
      }
    },
    "templateName": ""
  },
  "schemaVersion": "1.0.0.0"
}