{
  "properties": {
    "connectionReferences": {},
    "definition": {
      "$schema": "https://schema.management.azure.com/providers/Microsoft.Logic/schemas/2016-06-01/workflowdefinition.json#",
      "contentVersion": "1.0.0.0",
      "parameters": {
        "$authentication": {
          "defaultValue": {},
          "type": "SecureObject"
        }
      },
      "triggers": {
        "manual": {
          "metadata": {
            "operationMetadataId": "41a0462b-34df-453d-8d06-8a599b396cf8"
          },
          "type": "Request",
          "kind": "Http",
          "inputs": {
            "method": "POST"
          },
          "conditions": [],
          "runtimeConfiguration": {
            "concurrency": {
              "runs": 1
            }
          }
        }
      },
      "actions": {
        "Compose": {
          "runAfter": {},
          "metadata": {
            "operationMetadataId": "917fa44c-6542-42db-9827-319e0be0f38f"
          },
          "type": "Compose",
          "inputs": "This flow is only to receive HTTP request from router acting as Source System."
        }
      }
    },
    "templateName": ""
  },
  "schemaVersion": "1.0.0.0"
}