{
  "properties": {
    "connectionReferences": {
      "shared_keyvault": {
        "runtimeSource": "invoker",
        "connection": {
          "connectionReferenceLogicalName": "pagacz_sharedkeyvault_b6038"
        },
        "api": {
          "name": "shared_keyvault"
        }
      }
    },
    "definition": {
      "$schema": "https://schema.management.azure.com/providers/Microsoft.Logic/schemas/2016-06-01/workflowdefinition.json#",
      "contentVersion": "1.0.0.0",
      "parameters": {
        "$connections": {
          "defaultValue": {},
          "type": "Object"
        },
        "$authentication": {
          "defaultValue": {},
          "type": "SecureObject"
        },
        "Trigger input from sample service HTTP URI (pagacz_TriggerinputfromsampleserviceHTTPURI)": {
          "defaultValue": "https://prod-128.westeurope.logic.azure.com:443/workflows/edff5049a5534d8689962bd3556d727f/triggers/manual/paths/invoke?api-version=2016-06-01&sp=%2Ftriggers%2Fmanual%2Frun&sv=1.0&sig=bcuClRyZpTMvdYg9jcgEkCJ5kZzn0Pa-DWvcgOAiRGE",
          "type": "String",
          "metadata": {
            "schemaName": "pagacz_TriggerinputfromsampleserviceHTTPURI"
          }
        }
      },
      "triggers": {
        "manual": {
          "metadata": {
            "operationMetadataId": "ceaea9ee-3b8a-4418-9e67-bd19987c9878"
          },
          "type": "Request",
          "kind": "Button",
          "inputs": {
            "schema": {
              "type": "object",
              "properties": {
                "text": {
                  "title": "SourceSystem/string",
                  "type": "string",
                  "x-ms-dynamically-added": true,
                  "description": "Please enter your input",
                  "x-ms-content-hint": "TEXT",
                  "enum": [
                    "SourceSystem1",
                    "Other"
                  ]
                },
                "text_1": {
                  "title": "Input 1",
                  "type": "string",
                  "x-ms-dynamically-added": true,
                  "description": "Please enter your input",
                  "enum": [
                    "1",
                    "2",
                    "3",
                    "4"
                  ],
                  "x-ms-content-hint": "TEXT"
                }
              },
              "required": [
                "text",
                "text_1"
              ]
            },
            "headersSchema": {
              "x-ms-user-email-encoded": {
                "title": "User email",
                "type": "string",
                "format": "byte",
                "x-ms-dynamically-added": false
              }
            }
          }
        }
      },
      "actions": {
        "HTTP": {
          "runAfter": {
            "Get_secret": [
              "Succeeded"
            ]
          },
          "metadata": {
            "operationMetadataId": "32e1f2ea-6521-4956-b03d-8ae4d2837932"
          },
          "type": "Http",
          "inputs": {
            "method": "POST",
            "uri": "@parameters('Trigger input from sample service HTTP URI (pagacz_TriggerinputfromsampleserviceHTTPURI)')",
            "headers": {
              "secret": "@outputs('Get_secret')?['body/value']",
              "Content-Type": "application/json"
            },
            "body": {
              "SourceSystem/string": "@{triggerBody()['text']}",
              "SourceSystemPrimaryID/number": 1,
              "SourceSystemSecondaryID/number": 2,
              "SourceSystemPrimaryID/string": "abc",
              "SourceSystemSecondaryID/string": "def",
              "Name/string": "Name of the request",
              "RequestorO365UPN/string": "@{base64ToString(triggerOutputs()['headers']['x-ms-user-email-encoded'])}",
              "Title/string": "Title of the test flow for the approval routing",
              "AllowReassignment/boolean": true,
              "ApprovalModel/number": "@int(triggerBody()['text_1'])",
              "Category/object": {
                "CategoryType/string": "basic",
                "CategoryID/number": 1,
                "CategoryName/string": "General"
              },
              "CreatedOnISO8601(yyyy-MM-ddTHH:mm:ss.fffffffK)/string": "@{utcNow()}",
              "Details/string": "Test details",
              "DueOnISO8601(yyyy-MM-ddTHH:mm:ss.fffffffK)/string": "@{utcNow()}",
              "ItemLink/string": "www.youtube.com/@tompagacz",
              "ItemLinkDescription/string": "Link description",
              "Priority/number": 192350000,
              "SendEmailNotification/boolean": false,
              "Tags/array": [
                "1",
                "2",
                "3"
              ],
              "NotificationFrequency/number": -1,
              "AssignedToO365UPN/array": [
                "@{base64ToString(triggerOutputs()['headers']['x-ms-user-email-encoded'])}"
              ],
              "AssignedToO365UPN/string": "@{base64ToString(triggerOutputs()['headers']['x-ms-user-email-encoded'])}",
              "ResponseOptions/array": [
                "1",
                "2",
                "3"
              ],
              "CommentNeeded/boolean": true,
              "TeamsNotification/boolean": true
            }
          }
        },
        "Get_secret": {
          "runAfter": {},
          "metadata": {
            "operationMetadataId": "f3cf60b2-8632-4e89-8488-a8866c05a141"
          },
          "type": "OpenApiConnection",
          "inputs": {
            "host": {
              "connectionName": "shared_keyvault",
              "operationId": "GetSecret",
              "apiId": "/providers/Microsoft.PowerApps/apis/shared_keyvault"
            },
            "parameters": {
              "secretName": "AuthenticateFlow1"
            },
            "authentication": {
              "type": "Raw",
              "value": "@json(decodeBase64(triggerOutputs().headers['X-MS-APIM-Tokens']))['$ConnectionKey']"
            }
          },
          "runtimeConfiguration": {
            "secureData": {
              "properties": [
                "inputs",
                "outputs"
              ]
            }
          }
        }
      }
    },
    "templateName": ""
  },
  "schemaVersion": "1.0.0.0"
}