<environmentvariabledefinition schemaname="pagacz_SourceSystemreceiver">
  <description default="When a HTTP request is received">
    <label description="When a HTTP request is received" languagecode="1033" />
  </description>
  <displayname default="Source System receiver HTTP POST URL">
    <label description="Source System receiver HTTP POST URL" languagecode="1033" />
  </displayname>
  <introducedversion>1.0.0.2</introducedversion>
  <iscustomizable>1</iscustomizable>
  <isrequired>0</isrequired>
  <secretstore>0</secretstore>
  <type>100000000</type>
</environmentvariabledefinition>